,Math,Science,English,Attendance,Average_Score
count,50.0,50.0,50.0,50.0,50.0
mean,82.46,84.54,82.76,91.28,83.25333333333332
std,10.004509187443063,9.721027072636861,10.298721933783227,6.7553153674929005,9.932780882231409
min,60.0,65.0,58.0,75.0,61.0
25%,74.0,76.0,74.25,86.0,74.25
50%,86.0,87.5,84.0,93.0,85.83333333333334
75%,91.0,93.0,92.0,97.0,92.0
max,95.0,98.0,97.0,99.0,96.0
